{"cameraMode":{"drawMode":0,"name":"Shaded","section":"Shading Mode"},"sceneLighting":true,"audioPlay":false,"sceneViewState":{"m_AlwaysRefresh":false,"showFog":true,"showSkybox":true,"showFlares":true,"showImageEffects":true,"showParticleSystems":true,"showVisualEffectGraphs":true,"m_FxEnabled":true},"in2DMode":false,"pivot":{"x":90.69954681396485,"y":5.846371650695801,"z":133.77670288085938},"rotation":{"x":0.07542521506547928,"y":0.18198944628238679,"z":-0.014129435643553734,"w":0.9803862571716309},"size":17.630779266357423,"orthographic":false}