{"cameraMode":{"drawMode":0,"name":"Shaded","section":"Shading Mode"},"sceneLighting":true,"audioPlay":false,"sceneViewState":{"m_AlwaysRefresh":false,"showFog":true,"showSkybox":false,"showFlares":true,"showImageEffects":true,"showParticleSystems":true,"showVisualEffectGraphs":true,"m_FxEnabled":true},"in2DMode":false,"pivot":{"x":0.0039771199226379398,"y":0.8940820693969727,"z":0.013914823532104493},"rotation":{"x":-0.07734620571136475,"y":0.8221795558929443,"z":-0.5520553588867188,"w":-0.11519231647253037},"size":1.436151146888733,"orthographic":false}