{"cameraMode":{"drawMode":0,"name":"Shaded","section":"Shading Mode"},"sceneLighting":false,"audioPlay":false,"sceneViewState":{"m_AlwaysRefresh":false,"showFog":true,"showSkybox":false,"showFlares":true,"showImageEffects":true,"showParticleSystems":true,"showVisualEffectGraphs":true,"m_FxEnabled":true},"in2DMode":false,"pivot":{"x":9.5367431640625e-7,"y":0.5458850860595703,"z":0.48872852325439455},"rotation":{"x":0.0027396981604397299,"y":0.9864727258682251,"z":-0.16305463016033173,"w":0.016575075685977937},"size":12.229613304138184,"orthographic":false}