{"cameraMode":{"drawMode":0,"name":"Shaded","section":"Shading Mode"},"sceneLighting":false,"audioPlay":false,"sceneViewState":{"m_AlwaysRefresh":false,"showFog":true,"showSkybox":false,"showFlares":true,"showImageEffects":true,"showParticleSystems":true,"showVisualEffectGraphs":true,"m_FxEnabled":true},"in2DMode":false,"pivot":{"x":-0.027771472930908204,"y":-0.03028106689453125,"z":7.450580596923828e-9},"rotation":{"x":0.0027396981604397299,"y":0.9864727258682251,"z":-0.16305463016033173,"w":0.016575075685977937},"size":6.701459884643555,"orthographic":false}