{"cameraMode":{"drawMode":0,"name":"Shaded","section":"Shading Mode"},"sceneLighting":false,"audioPlay":false,"sceneViewState":{"m_AlwaysRefresh":false,"showFog":true,"showSkybox":false,"showFlares":true,"showImageEffects":true,"showParticleSystems":true,"showVisualEffectGraphs":true,"m_FxEnabled":true},"in2DMode":false,"pivot":{"x":-0.0008134841918945313,"y":0.605719804763794,"z":0.747783899307251},"rotation":{"x":0.0027396981604397299,"y":0.9864727258682251,"z":-0.16305463016033173,"w":0.016575075685977937},"size":9.352147102355957,"orthographic":false}